{
  "__version__": "1.0.3",
  "builder": {},
  "gizmos-infos": {
    "is2D": false,
    "is3DIcon": false,
    "iconSize": 2,
    "gridVisible": true,
    "originAxis2D": {
      "x_visible": true,
      "y_visible": true,
      "z_visible": false
    },
    "originAxis3D": {
      "x_visible": true,
      "y_visible": false,
      "z_visible": true
    },
    "gridColor": [
      166,
      166,
      166,
      255
    ],
    "transformToolName": "position",
    "pivot": "pivot",
    "coordinate": "local",
    "toolsVisibility3d": true
  },
  "snap-configs": {
    "position": {
      "x": 1,
      "y": 1,
      "z": 1
    },
    "rotation": 1,
    "scale": 1,
    "isPositionSnapEnabled": false,
    "isRotationSnapEnabled": false,
    "isScaleSnapEnabled": false
  },
  "rect-snap-configs": {
    "enableSnapping": true,
    "snapThreshold": 4
  },
  "float-window": {
    "position": {
      "cc": {
        "Camera": {
          "dock": false,
          "top": null,
          "bottom": 10,
          "left": null,
          "right": 10
        }
      }
    }
  },
  "camera-infos": {
    "9a39a03d-f5f1-46e8-a8c4-613bdb3ea3e7": {
      "position": {
        "x": 17.122647617917636,
        "y": 17.122647617917636,
        "z": 17.122647617917636
      },
      "rotation": {
        "x": -0.27984814233312133,
        "y": 0.3647051996310009,
        "z": 0.11591689595929512,
        "w": 0.8804762392171493
      },
      "viewCenter": {
        "x": 0,
        "y": 0,
        "z": 0
      },
      "contentRect": {
        "x": 0,
        "y": 0,
        "width": 1064,
        "height": 838
      },
      "scale": 1
    },
    "f74fd845-269d-437c-a9b7-8de808c1dfd7": {
      "position": {
        "x": 17.122647619124308,
        "y": 17.122647619124304,
        "z": 17.1226476191243
      },
      "rotation": {
        "x": -0.27984814233312133,
        "y": 0.3647051996310009,
        "z": 0.11591689595929512,
        "w": 0.8804762392171493
      },
      "viewCenter": {
        "x": 0,
        "y": 0,
        "z": 0
      },
      "contentRect": {
        "x": 0,
        "y": 0,
        "width": 1064,
        "height": 838
      },
      "scale": 1
    },
    "bc17febc-9f45-4503-9883-a8aeb57762b7": {
      "position": {
        "x": 17.12264761912763,
        "y": 17.122647619127626,
        "z": 17.122647619127623
      },
      "rotation": {
        "x": -0.27984814233312133,
        "y": 0.3647051996310009,
        "z": 0.11591689595929512,
        "w": 0.8804762392171493
      },
      "viewCenter": {
        "x": 0,
        "y": 0,
        "z": 0
      },
      "contentRect": {
        "x": 0,
        "y": 0,
        "width": 1064,
        "height": 838
      },
      "scale": 1
    },
    "89618ee3-d17d-4fbf-9263-0f6aebd0c43c": {
      "position": {
        "x": 17.12264761912763,
        "y": 17.122647619127626,
        "z": 17.122647619127623
      },
      "rotation": {
        "x": -0.27984814233312133,
        "y": 0.3647051996310009,
        "z": 0.11591689595929512,
        "w": 0.8804762392171493
      },
      "viewCenter": {
        "x": 0,
        "y": 0,
        "z": 0
      },
      "contentRect": {
        "x": 0,
        "y": 0,
        "width": 1064,
        "height": 838
      },
      "scale": 1
    },
    "7ad69f66-482f-4c5a-9baf-fc03d0d1993a": {
      "position": {
        "x": 12.520749306131037,
        "y": 12.520749306131034,
        "z": 12.520749306131032
      },
      "rotation": {
        "x": -0.27984814233312133,
        "y": 0.3647051996310009,
        "z": 0.11591689595929512,
        "w": 0.8804762392171493
      },
      "viewCenter": {
        "x": 0,
        "y": 0,
        "z": 0
      },
      "contentRect": {
        "x": 0,
        "y": 0,
        "width": 1064,
        "height": 838
      },
      "scale": 1
    },
    "3600d422-23c2-40b0-8115-dac67f9845ea": {
      "position": {
        "x": 12.520749306131037,
        "y": 12.520749306131034,
        "z": 12.520749306131032
      },
      "rotation": {
        "x": -0.27984814233312133,
        "y": 0.3647051996310009,
        "z": 0.11591689595929512,
        "w": 0.8804762392171493
      },
      "viewCenter": {
        "x": 0,
        "y": 0,
        "z": 0
      },
      "contentRect": {
        "x": 0,
        "y": 0,
        "width": 1064,
        "height": 838
      },
      "scale": 1
    },
    "23c4edbe-6f04-4dce-bed2-33c7da3cb736": {
      "position": {
        "x": 12.520749306131037,
        "y": 12.520749306131034,
        "z": 12.520749306131032
      },
      "rotation": {
        "x": -0.27984814233312133,
        "y": 0.3647051996310009,
        "z": 0.11591689595929512,
        "w": 0.8804762392171493
      },
      "viewCenter": {
        "x": 0,
        "y": 0,
        "z": 0
      },
      "contentRect": {
        "x": 0,
        "y": 0,
        "width": 1064,
        "height": 838
      },
      "scale": 1
    },
    "9d0fa434-73b7-41e4-9a25-49b1b58b7fc1": {
      "position": {
        "x": 13.639523481734123,
        "y": 13.639523481734116,
        "z": 13.639523481734116
      },
      "rotation": {
        "x": -0.27984814233312133,
        "y": 0.3647051996310009,
        "z": 0.11591689595929512,
        "w": 0.8804762392171493
      },
      "viewCenter": {
        "x": 0,
        "y": 0,
        "z": 0
      },
      "contentRect": {
        "x": 0,
        "y": 0,
        "width": 1466,
        "height": 1052
      },
      "scale": 1
    },
    "a86dcbcd-4011-42ff-aa7f-451b38020a65": {
      "position": {
        "x": 13.639523481739419,
        "y": 13.639523481739417,
        "z": 13.639523481739413
      },
      "rotation": {
        "x": -0.27984814233312133,
        "y": 0.3647051996310009,
        "z": 0.11591689595929512,
        "w": 0.8804762392171493
      },
      "viewCenter": {
        "x": 0,
        "y": 0,
        "z": 0
      },
      "contentRect": {
        "x": 0,
        "y": 0,
        "width": 1466,
        "height": 1052
      },
      "scale": 1
    },
    "5b7a628f-97d6-402a-9a3b-4be2616eaf3f": {
      "position": {
        "x": 13.639523481742067,
        "y": 13.639523481742065,
        "z": 13.639523481742062
      },
      "rotation": {
        "x": -0.27984814233312133,
        "y": 0.3647051996310009,
        "z": 0.11591689595929512,
        "w": 0.8804762392171493
      },
      "viewCenter": {
        "x": 0,
        "y": 0,
        "z": 0
      },
      "contentRect": {
        "x": 0,
        "y": 0,
        "width": 1466,
        "height": 1052
      },
      "scale": 1
    },
    "b2922d12-e26a-4d3a-a900-1d58ce7357c9": {
      "position": {
        "x": 13.639523481739419,
        "y": 13.639523481739417,
        "z": 13.639523481739413
      },
      "rotation": {
        "x": -0.27984814233312133,
        "y": 0.3647051996310009,
        "z": 0.11591689595929512,
        "w": 0.8804762392171493
      },
      "viewCenter": {
        "x": 0,
        "y": 0,
        "z": 0
      },
      "contentRect": {
        "x": 0,
        "y": 0,
        "width": 1466,
        "height": 1052
      },
      "scale": 1
    },
    "e5e1078b-9e18-4c4c-baaa-c55bd1a21fef": {
      "position": {
        "x": 13.639523481742067,
        "y": 13.639523481742065,
        "z": 13.639523481742062
      },
      "rotation": {
        "x": -0.27984814233312133,
        "y": 0.3647051996310009,
        "z": 0.11591689595929512,
        "w": 0.8804762392171493
      },
      "viewCenter": {
        "x": 0,
        "y": 0,
        "z": 0
      },
      "contentRect": {
        "x": 0,
        "y": 0,
        "width": 1466,
        "height": 1052
      },
      "scale": 1
    },
    "190922cb-78ab-49c6-987a-70a8edfeff52": {
      "position": {
        "x": 13.639523481739419,
        "y": 13.639523481739417,
        "z": 13.639523481739413
      },
      "rotation": {
        "x": -0.27984814233312133,
        "y": 0.3647051996310009,
        "z": 0.11591689595929512,
        "w": 0.8804762392171493
      },